"ImageURL","Title","Artist","Year","neutral"
"https://uploads1.wikiart.org/images/daniel-dezeuze/stretcher-covered-with-a-sheet-of-transparent-plastic-1967(1).jpg","Stretcher (covered with a sheet of transparent plastic)","Daniel Dezeuze","1967","0.500"
"https://uploads1.wikiart.org/images/gotthard-graubner/farbraum-1963.jpg","Farbraum","Gotthard Graubner","1963","0.300"
"https://uploads3.wikiart.org/images/imi-knoebel/room-19-1968.jpg","Room 19","Imi Knoebel","1968","0.300"
"https://uploads1.wikiart.org/images/horia-damian/egyptian-gate-1964.jpg","Egyptian Gate","Horia Damian","1964","0.300"
"https://uploads1.wikiart.org/images/yves-gaucher/naka-1962.jpg","Naka","Yves Gaucher","1962","0.300"
"https://uploads5.wikiart.org/images/friedel-dzubas/ascona-1976.jpg","Ascona","Friedel Dzubas","1976","0.300"
"https://uploads6.wikiart.org/images/robert-morris/untitled-1968.jpg","Untitled","Robert Morris","1967-1968","0.250"
"https://uploads0.wikiart.org/images/andy-warhol/brillo-soap-pads-boxes-1964.jpg","Brillo Soap Pads Boxes","Andy Warhol","1964","0.250"
"https://uploads4.wikiart.org/images/kazuo-nakamura/infinite-waves-1957.jpg","Infinite Waves","Kazuo Nakamura","1957","0.200"
"https://uploads4.wikiart.org/images/john-ferren/untitled-1952.jpg","Untitled","John Ferren","1952","0.200"
"https://uploads0.wikiart.org/images/john-mclaughlin/number-27-1964.jpg","Number 27","John McLaughlin","1964","0.200"
"https://uploads7.wikiart.org/images/clyfford-still/untitled-1951.jpg","Untitled","Clyfford Still","1951","0.200"
"https://uploads3.wikiart.org/images/charlotte-posenenske/fold-1965(1).jpg","Fold","Charlotte Posenenske","1965","0.200"
"https://uploads0.wikiart.org/images/claude-tousignant/monochrome-orang-1956.jpg","Monochrome orang&#233;","Claude Tousignant","1956","0.200"
"https://uploads1.wikiart.org/images/ernst-wilhelm-nay/untitled-1954.jpg","Untitled","Ernst Wilhelm Nay","1954","0.200"
"https://uploads8.wikiart.org/images/morris-louis/blue-column-1960.jpg","Blue Column","Morris Louis","1960","0.200"
"https://uploads5.wikiart.org/images/ron-gorchov/old-flame-1974.jpg","Old Flame","Ron Gorchov","1974","0.200"
"https://uploads0.wikiart.org/images/alfred-manessier/untitled-1952.jpg","Untitled","Alfred Manessier","1952","0.200"
"https://uploads7.wikiart.org/images/louis-cane/papier-d-coup-et-coll-1967.jpg","Papier d&#233;coup&#233; et coll&#233;","Louis Cane","1967","0.200"
"https://uploads2.wikiart.org/images/jiro-takamatsu/slack-of-net-1969.jpg","Slack of Net","Takamatsu Jiro","1969","0.200"
"https://uploads1.wikiart.org/images/giorgio-morandi/still-life-1919.jpg","Still Life","Giorgio Morandi","1919","0.200"
"https://uploads6.wikiart.org/images/morris-louis/blue-veil-1958.jpg","Blue Veil","Morris Louis","1958","0.200"
"https://uploads0.wikiart.org/images/janos-mattis-teutsch/composition-1922-2.jpg","Composition","Janos Mattis-Teutsch","1922","0.200"
"https://uploads7.wikiart.org/images/thomas-jones/buildings-in-naples-1782.jpg","Buildings in Naples","Thomas Jones","1782","0.200"
"https://uploads4.wikiart.org/images/kenzo-okada/untitled-1963.jpg","Untitled","Kenzo Okada","1963","0.200"
"https://uploads8.wikiart.org/images/richard-tuttle/drift-iii-1965.jpg","Drift III","Richard Tuttle","1965","0.200"
"https://uploads8.wikiart.org/images/billy-apple/a-union-jack-young-commonwealth-artists-1962.jpg","A union, Jack! Young Commonwealth Artists","Billy Apple","1962","0.200"
"https://uploads8.wikiart.org/images/giulio-paolini/disegno-geometrico-1960.jpg","Disegno geometrico","Giulio Paolini","1960","0.200"
"https://uploads3.wikiart.org/images/sam-francis/basel-mural-i-1958(2).jpg","Basel Mural I","Sam Francis","1958","0.200"
"https://uploads0.wikiart.org/images/phillip-king/window-piece-1961.jpg","Window Piece","Phillip King","1961","0.200"
"https://uploads3.wikiart.org/images/martin-barre/63-m-3-1963.jpg","63-M-3","Martin Barre","1963","0.182"
"https://uploads6.wikiart.org/images/cesar-paternosto/modez-1971.jpg","Modez","Cesar Paternosto","1971","0.182"
"https://uploads4.wikiart.org/images/dan-christensen/crux-1969.jpg","Crux","Dan Christensen","1969","0.182"
"https://uploads6.wikiart.org/images/giulio-turcato/comizio-1948.jpg","Comizio","Giulio Turcato","1948","0.182"
"https://uploads2.wikiart.org/images/alexander-calder/devil-fish-1937.jpg","Devil Fish","Alexander Calder","1937","0.182"
"https://uploads1.wikiart.org/images/giorgio-morandi/still-life-1946.jpg","Still Life","Giorgio Morandi","1946","0.182"
"https://uploads2.wikiart.org/images/ellsworth-kelly/spectrum-iv-1967.jpg","Spectrum IV","Ellsworth Kelly","1967","0.182"
"https://uploads7.wikiart.org/images/rupprecht-geiger/725-78-farbraum-geist-und-materie-1978.jpg","725/78 (Farbraum, Geist und Materie)","Rupprecht Geiger","1978","0.182"
"https://uploads4.wikiart.org/images/martin-barre/60-t-18-1960.jpg","60-T-18","Martin Barre","1960","0.182"
"https://uploads7.wikiart.org/images/sven-lukin/pink-butress-1966.jpg","Pink Butress","Sven Lukin","1966","0.182"
"https://uploads7.wikiart.org/images/betty-goodwin/vest-no-1-1969.jpg","Vest No. 1","Betty Goodwin","1969","0.182"
"https://uploads5.wikiart.org/images/bernard-cohen/print-1-1967.jpg","Print 1","Bernard Cohen","1967","0.182"
"https://uploads4.wikiart.org/images/edward-ruscha/norms-la-cienaga-on-fire-1964.jpg","Norms, La Cienaga on Fire","Edward Ruscha","1964","0.182"
"https://uploads3.wikiart.org/images/tano-festa/persiana-1963.jpg","Persiana","Tano Festa","1963","0.167"
"https://uploads2.wikiart.org/00124/images/vasyl-yermylov/bread-1914.jpg","Bread","Vasyl Yermylov","1914","0.167"
"https://uploads5.wikiart.org/images/sheila-hicks/squiggle-1962.jpg","Squiggle","Sheila Hicks","1962","0.167"
"https://uploads4.wikiart.org/images/john-hoyland/17-3-69-1969.jpg","17. 3. 69","John Hoyland","1969","0.167"
"https://uploads6.wikiart.org/images/jean-hugo/table-de-jeu-1919.jpg","Table de jeu","Jean Hugo","1919","0.167"
"https://uploads7.wikiart.org/images/richard-tuttle/fountain-1965.jpg","Fountain","Richard Tuttle","1965","0.167"
"https://uploads3.wikiart.org/images/perle-fine/untitled-1940.jpg","Untitled","Perle Fine","1940","0.154"
"https://uploads3.wikiart.org/images/constantin-brancusi/head.jpg","Head","Constantin Brancusi","1920","0.154"
"https://uploads4.wikiart.org/images/antonio-calderara/spazio-luce-1959.jpg","Spazio Luce","Antonio Calderara","1959","0.143"
"https://uploads1.wikiart.org/images/jos-sobral-de-almada-negreiros/relation-9-10-1957.jpg","Relation 9/10","Jose de Almada-Negreiros","1957","0.111"
"https://uploads1.wikiart.org/images/donald-sultan/four-oranges-1993.jpg","Four Oranges","Donald Sultan","1993","0.111"
"https://uploads2.wikiart.org/images/johannes-jan-schoonhoven/combination-1968.jpg","Combination","Johannes Jan Schoonhoven","1968","0.111"
"https://uploads0.wikiart.org/images/arshile-gorky/water-of-the-flowery-mill.jpg","Water of the Flowery Mill","Arshile Gorky","XX cent.","0.111"
"https://uploads7.wikiart.org/images/edward-corbett/untitled-1969.jpg","Untitled","Edward Corbett","1969","0.101"
"https://uploads7.wikiart.org/images/richard-serra/one-ton-prop-house-of-cards-1969.jpg","One Ton Prop (House of Cards)","Richard Serra","1969","0.100"
"https://uploads7.wikiart.org/images/karl-otto-gotz/untitled-1958.jpg","Untitled","Karl Otto Gotz","1958","0.100"
"https://uploads4.wikiart.org/images/herbert-zangs/peinture-relief-1955.jpg","Peinture-Relief","Herbert Zangs","1955","0.100"
"https://uploads2.wikiart.org/images/manuel-neri/figure-with-legs-crossed-1991.jpg","Figure with Legs Crossed","Manuel Neri","1991","0.100"
"https://uploads8.wikiart.org/images/julius-bissier/29-6-61-t-1961.jpg","29.6.61 T","Julius Bissier","1961","0.100"
"https://uploads7.wikiart.org/images/barnett-newman/not-detected-265181(1).jpg","Midnight Blue","Barnett Newman","1970","0.100"
"https://uploads6.wikiart.org/images/agnes-martin/night-sea-1963.jpg","Night Sea","Agnes Martin","1963","0.100"
"https://uploads4.wikiart.org/images/samuel-buri/untitled-1969.jpg","Untitled","Samuel Buri","1969","0.100"
"https://uploads0.wikiart.org/images/john-mclaughlin/number-11-1964.jpg","Number 11","John McLaughlin","1964","0.100"
"https://uploads1.wikiart.org/images/sven-lukin/tucson-1966.jpg","Tucson","Sven Lukin","1966","0.100"
"https://uploads7.wikiart.org/images/isamu-noguchi/coffee-table-in-50-1945.jpg","Coffee Table (IN-50)","Noguchi Isamu ","1945","0.100"
"https://uploads8.wikiart.org/images/constantin-brancusi/the-endless-column.jpg","The Endless Column","Constantin Brancusi","XIX-XX cent.","0.100"
"https://uploads6.wikiart.org/images/gabriele-munter/blume-mit-vogel-und-echsenkopf-1911(1).jpg","Blume mit Vogel und Echsenkopf","Gabriele Munter","1911","0.100"
"https://uploads8.wikiart.org/images/leiko-ikemura/dreist-ckiges-haus-in-t-rkis-1995.jpg","Dreist&#246;ckiges Haus in T&#252;rkis","Leiko Ikemura","1995","0.100"
"https://uploads0.wikiart.org/images/alfred-sisley/the-regattas-moseley-1874.jpg","The&#160;regattas&#160;Moseley","Alfred Sisley","1874","0.100"
"https://uploads3.wikiart.org/images/peter-joseph/yellow-painting-1969.jpg","Yellow Painting","Peter Joseph","1969","0.100"
"https://uploads0.wikiart.org/images/stuart-davis/edison-mazda-1924.jpg","Edison Mazda","Stuart Davis","1924","0.100"
"https://uploads2.wikiart.org/images/pietro-longhi/fall-of-the-giants.jpg","Fall of the Giants","Pietro Longhi","1734","0.100"
"https://uploads5.wikiart.org/images/etienne-hajdu/corinne-1959.jpg","Corinne","Etienne Hajdu","1959","0.100"
"https://uploads3.wikiart.org/images/michel-parmentier/18-f-vrier-1968.jpg","18 f&#233;vrier","Michel Parmentier","1968","0.100"
"https://uploads2.wikiart.org/images/pierre-tal-coat/en-grimpant-1962.jpg","En grimpant","Pierre Tal-Coat","1962","0.100"
"https://uploads2.wikiart.org/images/richard-artschwager/mirror-mirror-table-table-1964.jpg","Mirror/Mirror - Table/Table","Richard Artschwager","1964","0.100"
"https://uploads3.wikiart.org/images/barnett-newman/third-station-1960.jpg","3. Third Station","Barnett Newman","1960","0.100"
"https://uploads7.wikiart.org/images/donald-sultan/lemons-may-16-1984-1984.jpg","Lemons, May 16, 1984","Donald Sultan","1984","0.100"
"https://uploads0.wikiart.org/images/fernand-leduc/microchromie-gris-puissance-6-1977.jpg","Microchromie, gris puissance [6]","Fernand Leduc","1977","0.100"
"https://uploads1.wikiart.org/images/tivadar-kosztka-csontvary/the-eastern-railway-station-at-night-1902.jpg","The Eastern Railway Station at Night","Tivadar Kosztka Csontvary","1902","0.100"
"https://uploads8.wikiart.org/images/warren-rohrer/summer-red-1972.jpg","Summer Red","Warren Rohrer","1972","0.100"
"https://uploads0.wikiart.org/images/mira-schendel/untitled-1963(1).jpg","Untitled","Mira Schendel","1963","0.100"
"https://uploads2.wikiart.org/images/piet-mondrian/the-gray-tree-1911.jpg","The Gray Tree","Piet Mondrian","1911","0.100"
"https://uploads0.wikiart.org/images/willi-baumeister/ideogram-1937.jpg","Ideogram","Willi Baumeister","1937","0.100"
"https://uploads0.wikiart.org/images/victor-servranckx/opus-14-1927.jpg","Opus 14","Victor Servranckx","1927","0.100"
"https://uploads4.wikiart.org/images/ronnie-landfield/diamond-lake-1969.jpg","Diamond Lake","Ronnie Landfield","1969","0.100"
"https://uploads2.wikiart.org/images/jan-groth/tegn-iii-1966.jpg","Tegn III","Jan Groth","1966","0.100"
"https://uploads0.wikiart.org/images/tsuruko-yamazaki/untitled-1965.jpg","Untitled","Tsuruko Yamazaki","1965","0.100"
"https://uploads5.wikiart.org/images/agnes-martin/red-bird-1964.jpg","Red Bird","Agnes Martin","1964","0.100"
"https://uploads3.wikiart.org/images/mathias-goeritz/la-serpiente-1953.jpg","La Serpiente","Mathias Goeritz","1953","0.100"
"https://uploads3.wikiart.org/images/edward-weston/shell-1927.jpg","Shell","Edward Weston","1927","0.100"
"https://uploads5.wikiart.org/images/alfred-jensen/tattoed-1958.jpg","Tattoed","Alfred Jensen","1958","0.100"
"https://uploads4.wikiart.org/images/victor-pasmore/abstract-in-white-grey-and-ochre-1949.jpg","Abstract in White, Grey and Ochre","Victor Pasmore","1949","0.100"
"https://uploads6.wikiart.org/images/mario-ballocco/l-amore-il-bacio-l-estasi-1950.jpg","L&#39;amore, il bacio, l&#39;estasi","Mario Ballocco","1950","0.100"
"https://uploads0.wikiart.org/images/jean-paul-riopelle/pavane-1954.jpg","Pavane","Jean-Paul Riopelle","1954","0.100"
"https://uploads5.wikiart.org/images/kazuo-nakamura/inner-structure-1954.jpg","Inner Structure","Kazuo Nakamura","1954","0.100"
"https://uploads3.wikiart.org/images/jorg-immendorff/society-of-deficiency-1990.jpg","Society of Deficiency","Jorg Immendorff","1990","0.100"
"https://uploads8.wikiart.org/images/john-mclaughlin/untitled-1963.jpg","Untitled","John McLaughlin","1963","0.100"
"https://uploads2.wikiart.org/images/allan-d-arcangelo/june-moon-1963.jpg","June Moon","Allan D&#39;Arcangelo","1963","0.100"
"https://uploads1.wikiart.org/images/clyfford-still/1950-k-no-1-1950.jpg","1950-K-No. 1","Clyfford Still","1950","0.100"
"https://uploads1.wikiart.org/00141/images/louise-abbema/cae-19-abbema118i.jpg","Portrait de Sarah Bernhardt","Louise Abb&#233;ma","1879","0.100"
"https://uploads6.wikiart.org/images/francois-morellet/32-rectangles-1953.jpg","32 Rectangles","Francois Morellet","1953","0.100"
"https://uploads3.wikiart.org/images/denise-green/tulipidendron-2-1977.jpg","Tulipidendron #2","Denise Green","1977","0.100"
"https://uploads7.wikiart.org/images/louis-schanker/untitled-1939.jpg","Untitled","Louis Schanker","1939","0.100"
"https://uploads8.wikiart.org/images/theodoros-stamos/deseret-1959.jpg","Deseret","Theodoros Stamos","1959","0.100"
"https://uploads2.wikiart.org/images/brice-marden/rodeo-1971.jpg","Rodeo","Brice Marden","1971","0.100"
"https://uploads3.wikiart.org/images/leon-arthur-tutundjian/composition-cellulaire-au-cercle-rouge-1927(1).jpg","Composition cellulaire au cercle rouge","Leon Arthur Tutundjian","1927","0.100"
"https://uploads8.wikiart.org/images/jacoba-van-heemskerck/18-compositie-opus-1-1913.jpg","18 Compositie Opus 1","Jacoba van Heemskerck","1913","0.100"
"https://uploads1.wikiart.org/images/antonio-areal/the-dramatic-history-of-an-egg-1967.jpg","The Dramatic History of an Egg","Antonio Areal","1967","0.100"
"https://uploads4.wikiart.org/images/ellsworth-kelly/blue-on-white-1961.jpg","Blue on White","Ellsworth Kelly","1961","0.100"
"https://uploads3.wikiart.org/images/john-gibson/the-tinted-venus-detail-1862-5.jpg","The Tinted Venus (detail)","John Gibson","1862","0.100"
"https://uploads0.wikiart.org/images/charlotte-posenenske/bretagne-1960-1(1).jpg","Bretagne","Charlotte Posenenske","1960","0.100"
"https://uploads1.wikiart.org/images/doug-ohlson/china-series-a-flamingo-1975.jpg","China Series A, âFlamingoâ","Doug Ohlson","1975","0.100"
"https://uploads0.wikiart.org/images/giovanni-anselmo/studio-per-la-mia-ombra-verso-l-infinito-dalla-cima-dello-stromboli-durante-l-alba-del-16-1965.jpg","Studio per la mia ombra verso l&#39;infinito dalla cima dello Stromboli durante l&#39;alba del 16 agosto 1965","Giovanni Anselmo","1965","0.100"
"https://uploads7.wikiart.org/images/jean-helion/abstract-copmosition-1934.jpg","Abstract Composition","Jean Helion","1934","0.100"
"https://uploads8.wikiart.org/images/antonio-areal/cena-incompreens-vel-mas-talvez-decisiva-na-cadeira-um-desconhecido-olha-fixamente-para-o-p-1969.jpg","Cena incompreens&#237;vel mas talvez decisiva na cadeira um desconhecido olha fixamente para o p&#250;blico","Antonio Areal","1969","0.100"
"https://uploads5.wikiart.org/images/benozzo-gozzoli/the-triumph-of-st-thomas-aquinas-1484.jpg","The Triumph of St. Thomas Aquinas","Benozzo Gozzoli","1468-1484","0.100"
"https://uploads0.wikiart.org/images/isamu-noguchi/tsukubai-waterholder-1962.jpg","Tsukubai (Waterholder)","Noguchi Isamu ","1962","0.100"
"https://uploads1.wikiart.org/images/evelyne-axell/axell-ration-1965.jpg","Axell-&#233;ration","Evelyne Axell","1965","0.100"
"https://uploads1.wikiart.org/images/giorgio-morandi/still-life-1962.jpg","Still Life","Giorgio Morandi","1962","0.100"
"https://uploads5.wikiart.org/images/piero-manzoni/achrome-1958.jpg","Achrome","Piero Manzoni","1958","0.100"
"https://uploads1.wikiart.org/images/michel-parmentier/untitled-1962.jpg","Untitled","Michel Parmentier","1962","0.100"
"https://uploads3.wikiart.org/images/william-scott/reclining-nude-red-nude-1956.jpg","Reclining Nude (Red Nude)","William Scott","1956","0.100"
"https://uploads1.wikiart.org/images/victor-servranckx/opus-55-r-gne-de-l-acier-poli-heerschappij-van-gepolijst-staal-1923.jpg","Opus 55. R&#232;gne de lâacier poli (Heerschappij van gepolijst staal)","Victor Servranckx","1923","0.100"
"https://uploads5.wikiart.org/images/luis-feito/abstracto-en-grises-y-azules-1956.jpg","Abstracto en grises y azules","Luis Feito","1956","0.100"
"https://uploads0.wikiart.org/images/afro/composition-1968.jpg","Composition","Afro","1968","0.100"
"https://uploads0.wikiart.org/images/jiro-yoshihara/white-line-on-black-1968.jpg","White Line on Black","Jiro Yoshihara","1968","0.100"
"https://uploads1.wikiart.org/images/eric-ravilious/commander-of-a-submarine-looking-through-a-periscope.jpg","Commander of a submarine looking through a periscope","Eric Ravilious","XX cent.","0.100"
"https://uploads6.wikiart.org/images/claudio-tozzi/desta-vez-eu-consigo-fugir-1967.jpg","Desta vez eu consigo fugir","Claudio Tozzi","1967","0.100"
"https://uploads7.wikiart.org/images/julius-evola/astrazione-1921.jpg","Astrazione","Julius Evola","1921","0.100"
"https://uploads1.wikiart.org/images/john-ferren/quiet-1965.jpg","Quiet","John Ferren","1965","0.100"
"https://uploads1.wikiart.org/images/louis-schanker/abstract-composition-1944.jpg","Abstract Composition","Louis Schanker","1944","0.100"
"https://uploads3.wikiart.org/images/carlo-carra/interventionist-demonstration-patriotic-holiday-freeword-painting-1914-1914.jpg","Interventionist Demonstration (Patriotic Holiday-Freeword Painting) 1914","Carlo Carra","1914","0.100"
"https://uploads1.wikiart.org/images/theodoros-stamos/delphic-shibboleth-1959.jpg","Delphic Shibboleth","Theodoros Stamos","1959","0.100"
"https://uploads6.wikiart.org/images/sam-francis/untitled-1965-2.jpg","Untitled","Sam Francis","1965","0.100"
"https://uploads3.wikiart.org/images/michel-parmentier/15-octobre-1966.jpg","15 octobre","Michel Parmentier","1966","0.100"
"https://uploads3.wikiart.org/images/herbert-zangs/gro-e-kn-pfung-1953.jpg","Gro&#223;e Kn&#252;pfung","Herbert Zangs","1953","0.100"
"https://uploads6.wikiart.org/images/nicolas-de-sta-l/marseille-sous-la-neige-1954.jpg","Marseille under snow","Nicolas de Sta&#235;l","1954","0.100"
"https://uploads8.wikiart.org/images/leo-leuppi/muschel-v-gel-1948.jpg","Muschel-V&#246;gel","Leo Leuppi","1948","0.100"
"https://uploads2.wikiart.org/images/dan-flavin/diagonal-of-personal-ecstasy-the-diagonal-of-may-25-1963-to-constantin-brancusi-1963.jpg","Diagonal of Personal Ecstasy (the Diagonal of May 25, 1963, to Constantin Brancusi)","Dan Flavin","1963","0.100"
"https://uploads6.wikiart.org/images/william-scott/painting-1959.jpg","Painting","William Scott","1959","0.100"
"https://uploads8.wikiart.org/images/mark-rothko/black-on-maroon-3.jpg","Black on Maroon","Mark Rothko","1959","0.100"
"https://uploads4.wikiart.org/images/james-lee-byars/self-portrait-1959.jpg","Self-Portrait","James Lee Byars","1959","0.100"
"https://uploads6.wikiart.org/images/petrus-christus/edward-grimston-1446.jpg","Edward Grimston","Petrus Christus","1446","0.100"
"https://uploads1.wikiart.org/images/vanessa-bell/mrs-st-john-hutchinson-1915.jpg","Mrs. St John Hutchinson","Vanessa Bell","1915","0.100"
"https://uploads1.wikiart.org/images/morris-graves/vessel-in-a-drift-of-diamond-light-in-the-sky-of-the-mind-1944.jpg","Vessel in a Drift of Diamond Light in the Sky of the Mind","Morris Graves","1944","0.100"
"https://uploads4.wikiart.org/images/mark-rothko/untitled-4(1).jpg","Untitled","Mark Rothko","1953","0.100"
"https://uploads0.wikiart.org/images/hans-hofmann/the-conjurer-1959.jpg","The Conjurer","Hans Hofmann","1959","0.100"
"https://uploads6.wikiart.org/images/theodore-roszak/bi-polar-in-red-1940.jpg","Bi-Polar in Red","Theodore Roszak","1940","0.100"
"https://uploads3.wikiart.org/images/leon-arthur-tutundjian/nature-morte-aux-pommes-1925.jpg","Nature morte aux pommes","Leon Arthur Tutundjian","1925","0.100"
"https://uploads5.wikiart.org/images/theodoros-stamos/infinity-field-lefkada-series-i-1980.jpg","Infinity Field, Lefkada Series I","Theodoros Stamos","1980","0.100"
"https://uploads3.wikiart.org/images/mario-schifano/il-sogno-dada-di-arturo-schwarz-1965.jpg","Il Sogno Dada di Arturo Schwarz","Mario Schifano","1965","0.100"
"https://uploads2.wikiart.org/images/ion-andreescu/portrait-of-a-girl.jpg","Portrait of a Girl","Ion Andreescu","XIX cent.","0.100"
"https://uploads6.wikiart.org/images/mark-lancaster/fourths-1969.jpg","Fourths","Mark Lancaster","1969","0.100"
"https://uploads6.wikiart.org/images/rodolfo-arico/anomalia-1969.jpg","Anomalia","Rodolfo Arico","1969","0.100"
"https://uploads4.wikiart.org/images/jack-bush/apple-blossom-burst-1971.jpg","Apple Blossom Burst","Jack Bush","1971","0.100"
"https://uploads2.wikiart.org/images/modest-cuixart/espai-fibrat-1958.jpg","Espai fibrat","Modest Cuixart","1958","0.100"
"https://uploads3.wikiart.org/images/guilherme-de-santa-rita/compenetra-o-est-tica-interior-de-uma-cabe-a-complementarismo-cong-nito-absoluto-sensibilidade-1913.jpg","Compenetra&#231;&#227;o est&#225;tica interior de uma cabe&#231;a = complementarismo cong&#233;nito absoluto (SENSIBILIDADE LITHOGRAPHICA)","Guilherme de Santa-Rita","1913","0.100"
"https://uploads1.wikiart.org/images/bernhard-strigel/portrait-of-a-gentleman.jpg","Portrait of a Gentleman","Bernhard Strigel","1520","0.100"
"https://uploads2.wikiart.org/images/gustave-singier/les-dunes-et-le-port-1951.jpg","Les dunes et le port","Gustave Singier","1951","0.100"
"https://uploads3.wikiart.org/images/richard-tuttle/wave-1965.jpg","Wave","Richard Tuttle","1965","0.100"
"https://uploads5.wikiart.org/images/charlotte-posenenske/fold-1966-1(1).jpg","Fold","Charlotte Posenenske","1966","0.100"
"https://uploads6.wikiart.org/images/jean-fautrier/it-s-how-you-feel-1958.jpg","Itâs How You Feel","Jean Fautrier","1958","0.100"
"https://uploads7.wikiart.org/images/angelo-de-sousa/pintura-1974.jpg","Pintura","Angelo de Sousa","1974","0.100"
"https://uploads3.wikiart.org/images/luis-feito/untitled-1964.jpg","Untitled","Luis Feito","1964","0.100"
"https://uploads4.wikiart.org/images/nicolas-de-sta-l/nature-morte-1952.jpg","Nature morte","Nicolas de Sta&#235;l","1952","0.100"
"https://uploads8.wikiart.org/images/morris-louis/dalet-zayin-1959.jpg","Dalet Zayin","Morris Louis","1959","0.100"
"https://uploads7.wikiart.org/images/david-smith/big-diamond-1952.jpg","Big Diamond","David Smith","1952","0.100"
"https://uploads1.wikiart.org/images/peter-max/toulouse-lautrec-1966.jpg","Toulouse Lautrec","Peter Max","1966","0.100"
"https://uploads4.wikiart.org/images/lee-krasner/untitled-1949.jpg","Untitled","Lee Krasner","1949","0.100"
"https://uploads3.wikiart.org/images/ralph-rosenborg/landscape-study-sky-and-clouds-1940.jpg","Landscape Study: Sky and Clouds","Ralph Rosenborg","1940","0.100"
"https://uploads8.wikiart.org/images/cy-twombly/fifty-days-at-iliam-ilians-in-battle.jpg","Fifty Days at Iliam. Ilians in Battle","Cy Twombly","1978","0.100"
"https://uploads8.wikiart.org/images/giulio-turcato/il-tunnel-1970.jpg","Il Tunnel","Giulio Turcato","1970","0.100"
"https://uploads2.wikiart.org/images/jacques-busse/etang-la-nuit-1947.jpg","Etang la nuit","Jacques Busse","1947","0.100"
"https://uploads2.wikiart.org/images/barnett-newman/vir-heroicus-sublimis-1951.jpg","Vir heroicus sublimis","Barnett Newman","1950-1951","0.100"
"https://uploads0.wikiart.org/images/constant-troyon/horse-portrait.jpg","Horse Portrait","Constant Troyon","XIX cent.","0.100"
"https://uploads7.wikiart.org/images/willi-baumeister/owambo-1948.jpg","Owambo","Willi Baumeister","1948","0.100"
"https://uploads2.wikiart.org/images/larry-zox/open-white-center-1974.jpg","Open White (Center)","Larry Zox","1974","0.100"
"https://uploads8.wikiart.org/images/se-ok-suh/line-variation-1959.jpg","Line Variation","Se-Ok Suh","1959","0.100"
"https://uploads6.wikiart.org/images/afro/untitled-1964.jpg","Untitled","Afro","1964","0.100"
"https://uploads1.wikiart.org/images/olivier-debre/petit-jardin-du-jaune-1976.jpg","Petit jardin du jaune","Olivier Debre","1976","0.100"
"https://uploads3.wikiart.org/images/robert-ryman/points-1963.jpg","Points","Robert Ryman","1963","0.100"
"https://uploads1.wikiart.org/images/domenico-gnoli/striped-trousers.jpg","Striped Trousers","Domenico Gnoli","XX cent.","0.100"
"https://uploads0.wikiart.org/images/helen-frankenthaler/persian-garden-1966.jpg","Persian Garden","Helen Frankenthaler","1965-1966","0.100"
"https://uploads7.wikiart.org/images/ben-nicholson/june-1937-painting-1937.jpg","June 1937 (painting)","Ben Nicholson","1937","0.100"
"https://uploads7.wikiart.org/images/vanessa-bell/still-life-on-corner-of-a-mantelpiece-1914.jpg","Still Life on Corner of a Mantelpiece","Vanessa Bell","1914","0.100"
"https://uploads6.wikiart.org/images/peter-alexander/contoy-1988.jpg","Contoy","Peter Alexander","1988","0.100"
"https://uploads7.wikiart.org/images/edward-krasinski/object-1960.jpg","Object","Edward Krasinski","1960","0.100"
"https://uploads8.wikiart.org/images/barnett-newman/canto-vii-1963.jpg","Canto VII","Barnett Newman","1963","0.100"
"https://uploads8.wikiart.org/images/samuel-buri/lehrerschaft-1970.jpg","Lehrerschaft","Samuel Buri","1970","0.100"
"https://uploads5.wikiart.org/images/tony-scherman/the-m-c-1987.jpg","The M.C.","Tony Scherman","1987","0.100"
"https://uploads4.wikiart.org/images/alberto-magnelli/mystere-vert-1952.jpg","Mystere vert","Alberto Magnelli","1952","0.100"
"https://uploads3.wikiart.org/images/jacopo-bellini/triptych-of-the-virgin-1470.jpg","Triptych of the Virgin","Jacopo Bellini","1464-1470","0.100"
"https://uploads1.wikiart.org/images/medardo-rosso/carne-altrui-1884.jpg","Carne altrui","Medardo Rosso","1884","0.100"
"https://uploads3.wikiart.org/images/ronald-bladen/the-x-1965.jpg","The X","Ronald Bladen","1965","0.100"
"https://uploads7.wikiart.org/images/edward-corbett/november-1963-iii-1963.jpg","November 1963 III","Edward Corbett","1963","0.100"
"https://uploads0.wikiart.org/images/karl-benjamin/14-1965.jpg","#14","Karl Benjamin","1965","0.100"
"https://uploads1.wikiart.org/images/wanda-koop/untitled-from-sightlines-2000.jpg","Untitled, from Sightlines","Wanda Koop","2000","0.100"
"https://uploads3.wikiart.org/images/tess-jaray/untitled-1967.jpg","Untitled","Tess Jaray","1967","0.100"
"https://uploads6.wikiart.org/images/bram-van-velde/etendue-1974.jpg","Etendue","Bram van Velde","1974","0.100"
"https://uploads8.wikiart.org/images/wladyslaw-strzeminski/unist-composition-14-1934.jpg","Unist Composition 14","Wladyslaw Strzeminski","1934","0.100"
"https://uploads8.wikiart.org/images/tihamer-gyarmathy/fruits-1951.jpg","Fruits","Tihamer Gyarmathy","1951","0.100"
"https://uploads8.wikiart.org/images/gianni-piacentino/metalliod-blue-gray-without-oval-sculpture-1968.jpg","Metalliod Blue-Gray Without Oval Sculpture","Gianni Piacentino","1968","0.100"
"https://uploads8.wikiart.org/images/jack-bush/sing-sing-sing-1974.jpg","Sing, Sing, Sing","Jack Bush","1974","0.100"
"https://uploads3.wikiart.org/00144/images/vasiliy-ryabchenko/vasiliy-ryabchenko-balbesin-upbringing-110-110-cm-oil-on-canvas-1987.jpg","Balbesin upbringing","Vasiliy Ryabchenko","1987","0.100"
"https://uploads5.wikiart.org/images/joseph-marioni/untitled-yellow-painting-1971.jpg","Untitled (Yellow Painting)","Joseph Marioni","1971","0.100"
"https://uploads2.wikiart.org/images/eva-hesse/untitled-1967.jpg","Untitled","Eva Hesse","1967","0.100"
"https://uploads3.wikiart.org/images/alfred-manessier/composition-1959.jpg","Composition","Alfred Manessier","1959","0.100"
"https://uploads2.wikiart.org/images/kazuo-shiraga/untitled-blue-1969.jpg","Untitled (Blue)","Kazuo Shiraga","1969","0.100"
"https://uploads8.wikiart.org/images/mark-rothko/red-1968.jpg","Red","Mark Rothko","1968","0.100"
"https://uploads6.wikiart.org/images/herbert-zangs/untitled-1953.jpg","Untitled","Herbert Zangs","1953","0.100"
"https://uploads3.wikiart.org/images/william-scott/orange-and-red-1957.jpg","Orange and Red","William Scott","1957","0.100"
"https://uploads4.wikiart.org/images/meret-oppenheim/my-nurse-maid-1936.jpg","My Nurse Maid","Meret Oppenheim","1936","0.100"
"https://uploads3.wikiart.org/images/robert-huot/scott-s-scribble-1966.jpg","Scottâs Scribble","Robert Huot","1966","0.100"
"https://uploads8.wikiart.org/images/nicolas-de-sta-l/sicile-agrigente-1953.jpg","Sicile (Agrigente)","Nicolas de Sta&#235;l","1953","0.100"
"https://uploads4.wikiart.org/images/mark-rothko/untitled-1970.jpg","Untitled","Mark Rothko","1970","0.100"
"https://uploads5.wikiart.org/images/robert-ryman/untitled-1959.jpg","Untitled","Robert Ryman","1959","0.100"
"https://uploads2.wikiart.org/images/rene-bertholo/nuage-azagury-1971.jpg","Nuage Azagury","Rene Bertholo","1971","0.100"
"https://uploads3.wikiart.org/images/richard-smith/slot-machine-1962-1.jpg","Slot Machine","Richard Smith","1962","0.100"
"https://uploads8.wikiart.org/images/anne-truitt/one-1962.jpg","One","Anne Truitt","1962","0.100"
"https://uploads5.wikiart.org/images/hassel-smith/the-houston-scene-1959.jpg","The Houston Scene","Hassel Smith","1959","0.100"
"https://uploads2.wikiart.org/images/yves-gaucher/r-m-i-1969.jpg","R - M - I","Yves Gaucher","1969","0.100"
"https://uploads2.wikiart.org/images/bram-van-velde/le-bonheur-de-matisse-1981.jpg","Le bonheur de Matisse","Bram van Velde","1981","0.100"
"https://uploads7.wikiart.org/images/john-ferren/three-rocks-1949.jpg","Three Rocks","John Ferren","1949","0.100"
"https://uploads3.wikiart.org/images/kazuo-shiraga/goshiki-sanmai-1976.jpg","Goshiki Sanmai","Kazuo Shiraga","1976","0.100"
"https://uploads4.wikiart.org/images/paul-brach/the-negative-way-4-1964.jpg","The Negative Way #4","Paul Brach","1964","0.100"
"https://uploads0.wikiart.org/images/eileen-agar/marine-object-1939.jpg","Marine Object","Eileen Agar","1939","0.100"
"https://uploads0.wikiart.org/images/willi-baumeister/jurassic-1942.jpg","Jurassic","Willi Baumeister","1942","0.100"
"https://uploads6.wikiart.org/images/paul-revere/geruba.jpg","Geruba","Paul Revere","1775","0.100"
"https://uploads6.wikiart.org/images/walter-darby-bannard/hopewell-valley-sun-1959.jpg","Hopewell Valley Sun","Walter Darby Bannard","1959","0.100"
"https://uploads4.wikiart.org/images/lucas-cranach-the-elder/electors-of-saxony-friedrich-the-wise-johann-the-steadfast-and-johann-friedrich-the-magnanimous-1532.jpg","Electors of Saxony: Friedrich the Wise, Johann the Steadfast and Johann Friedrich the Magnanimous","Lucas Cranach the Elder","1532","0.100"
"https://uploads7.wikiart.org/images/helio-oiticica/b11-box-b-lide-09-1964.jpg","B11 Box B&#243;lide 09","Helio Oiticica","1964","0.100"
"https://uploads0.wikiart.org/images/martin-barre/59-140-130-a-1959.jpg","59-140.130-A","Martin Barre","1959","0.100"
"https://uploads3.wikiart.org/images/enrico-prampolini/the-figure-in-space-1937.jpg","The Figure in Space","Enrico Prampolini","1937","0.100"
"https://uploads3.wikiart.org/images/eileen-agar/angel-of-anarchy-1940.jpg","Angel of Anarchy","Eileen Agar","1936-1940","0.100"
"https://uploads3.wikiart.org/images/antonello-da-messina/polyptych-with-st-gregory-1473.jpg","Polyptych with St. Gregory","Antonello da Messina","1473","0.100"
"https://uploads7.wikiart.org/images/antonio-palolo/untitled-1968.jpg","Untitled","Antonio Palolo","1968","0.100"
"https://uploads4.wikiart.org/images/richard-pousette-dart/chavade-1951.jpg","Chavade","Richard Pousette-Dart","1951","0.100"
"https://uploads7.wikiart.org/images/mark-rothko/violet-black-orange-yellow-on-white-and-red.jpg","Violet, Black, Orange, Yellow on White and Red","Mark Rothko","1949","0.100"
"https://uploads1.wikiart.org/images/allen-jones/table-1969.jpg","Table","Allen Jones","1969","0.091"
"https://uploads7.wikiart.org/images/nicholas-hilliard/elizabeth-i-the-pelican-portrait-1575.jpg","Elizabeth I - The Pelican Portrait","Nicholas Hilliard","1575","0.091"
"https://uploads1.wikiart.org/images/ray-parker/spring-1984.jpg","Spring","Ray Parker","1984","0.091"
"https://uploads7.wikiart.org/images/gosta-adrian-nilsson/komposition-1950.jpg","Komposition","Gosta Adrian-Nilsson","1950","0.091"
"https://uploads3.wikiart.org/images/piero-dorazio/rosso-perugino-1979.jpg","Rosso Perugino","Piero Dorazio","1979","0.091"
"https://uploads2.wikiart.org/images/rogier-van-der-weyden/portrait-of-a-young-woman-in-a-pinned-hat-1435.jpg","Portrait of a Young Woman in a Pinned Hat","Rogier van der Weyden","1435","0.091"
"https://uploads2.wikiart.org/images/vasily-sadovnikov/kamennoostrovsky-bridge.jpg","Kamennoostrovsky bridge","Vasily Sadovnikov","1830","0.091"
"https://uploads7.wikiart.org/images/denise-green/to-draw-on-1977.jpg","To Draw On","Denise Green","1977","0.091"
"https://uploads8.wikiart.org/images/aldo-mondino/iniziazione-1969.jpg","Iniziazione","Aldo Mondino","1969","0.091"
"https://uploads7.wikiart.org/images/friedel-dzubas/sartoris-1963.jpg","Sartoris","Friedel Dzubas","1963","0.091"
"https://uploads1.wikiart.org/images/peter-alexander/romance-xx-1989.jpg","Romance XX","Peter Alexander","1989","0.091"
"https://uploads6.wikiart.org/images/manuel-rivera/espejo-del-duende-1963.jpg","Espejo del Duende","Manuel Rivera","1963","0.091"
"https://uploads1.wikiart.org/images/martin-barre/62-5-1962.jpg","62-5","Martin Barre","1962","0.091"
"https://uploads3.wikiart.org/images/ray-parker/untitled-1964.jpg","Untitled","Ray Parker","1964","0.091"
"https://uploads0.wikiart.org/images/alfred-jensen/the-great-mystery-ii-1960.jpg","The Great Mystery II","Alfred Jensen","1960","0.091"
"https://uploads0.wikiart.org/images/kenneth-price/blind-sea-turtle-cup-1968.jpg","Blind Sea Turtle Cup","Kenneth Price","1968","0.091"
"https://uploads1.wikiart.org/images/isamu-noguchi/vertical-man-1964.jpg","Vertical Man","Noguchi Isamu ","1964","0.091"
"https://uploads5.wikiart.org/images/fred-sandback/blue-day-glo-corner-piece-1968.jpg","Blue Day-glo Corner Piece","Fred Sandback","1968","0.091"
"https://uploads7.wikiart.org/images/may-wilson/pig-1971.jpg","Pig","May Wilson","1971","0.091"
"https://uploads4.wikiart.org/images/charlotte-posenenske/square-tubes-series-d-1967-1(1).jpg","Square Tubes [Series D]","Charlotte Posenenske","1967","0.091"
"https://uploads2.wikiart.org/images/cuno-amiet/stillleben-mit-drei-vasen-1906.jpg","Stillleben mit drei Vasen","Cuno Amiet","1906","0.091"
"https://uploads0.wikiart.org/images/maxime-maufra/harvesting-of-goemon-1891.jpg","Harvesting of Goemon","Maxime Maufra","1891","0.091"
"https://uploads6.wikiart.org/images/jean-messagier/tranche-courants-1971.jpg","Tranche courants","Jean Messagier","1971","0.091"
"https://uploads0.wikiart.org/images/henry-raeburn/portrait-of-mrs-e-bethune.jpg","Portrait of Mrs. E. Bethune","Henry Raeburn","XVIII-XIX cent.","0.091"
"https://uploads3.wikiart.org/images/grace-cossington-smith/trees-1927.jpg","Trees","Grace Cossington Smith","1927","0.091"
"https://uploads7.wikiart.org/images/modest-cuixart/untitled-1959.jpg","Untitled","Modest Cuixart","1959","0.091"
"https://uploads1.wikiart.org/images/robert-huot/two-blue-suits-1967.jpg","Two Blue Suits","Robert Huot","1967","0.091"
"https://uploads7.wikiart.org/images/franz-marc/deer-in-the-forest-ii-1914.jpg","Deer in the Forest II","Franz Marc","1914","0.091"
"https://uploads5.wikiart.org/images/serge-charchoune/grossissement-1927.jpg","Grossissement","Serge Charchoune","1927","0.091"
"https://uploads3.wikiart.org/images/ron-gorchov/lure-ii-1976.jpg","Lure II","Ron Gorchov","1976","0.091"
"https://uploads0.wikiart.org/images/brice-marden/the-dylan-painting-1966(1).jpg","The Dylan Painting","Brice Marden","1966","0.091"
"https://uploads6.wikiart.org/images/jimmy-ernst/aeroflower-1942.jpg","Aeroflower","Jimmy Ernst","1942","0.091"
"https://uploads5.wikiart.org/images/pierre-roy/int-rieur-entr-e-d-un-appartement-parisien.jpg","Int&#233;rieur (Entr&#233;e d&#39;un appartement Parisien)","Pierre Roy","XIX-XX cent.","0.091"
"https://uploads0.wikiart.org/images/morris-louis/phi-1961.jpg","Phi","Morris Louis","1960-1961","0.091"
"https://uploads5.wikiart.org/images/jacopo-bellini/triptych-of-the-nativity-1470.jpg","Triptych of the Nativity","Jacopo Bellini","1464-1470","0.091"
"https://uploads2.wikiart.org/images/arnulf-rainer/untitled-body-language-1973.jpg","Untitled (Body Language)","Arnulf Rainer","1973","0.091"
"https://uploads6.wikiart.org/images/rudolf-bauer/red-staff-1937.jpg","Red Staff","Rudolf Bauer","1937","0.091"
"https://uploads5.wikiart.org/images/albert-rafols-casamada/paisajo-1960.jpg","Paisajo","Albert Rafols-Casamada","1960","0.091"
"https://uploads4.wikiart.org/images/yves-klein/untitled-white-monochrome-1957-1.jpg","Untitled White Monochrome","Yves Klein","1957","0.091"
"https://uploads4.wikiart.org/images/antonio-calderara/spazio-luce-1965.jpg","Spazio Luce","Antonio Calderara","1965","0.091"
"https://uploads5.wikiart.org/images/lajos-tihanyi/portrait-of-tristan-tzara-1927.jpg","Portrait of Tristan Tzara","Lajos Tihanyi","1927","0.091"
"https://uploads0.wikiart.org/images/alberto-burri/composition-1953.jpg","Composition","Alberto Burri","1953","0.091"
"https://uploads5.wikiart.org/images/barnett-newman/moment-1946.jpg","Moment","Barnett Newman","1946","0.091"
"https://uploads4.wikiart.org/images/rupprecht-geiger/586-69-gerundetes-rot-1969.jpg","586/69 (Gerundetes Rot)","Rupprecht Geiger","1969","0.091"
"https://uploads7.wikiart.org/images/edward-ruscha/hollywood-1969.jpg","Hollywood","Edward Ruscha","1969","0.091"
"https://uploads3.wikiart.org/images/jacoba-van-heemskerck/abstract-composition.jpg","Abstract Composition","Jacoba van Heemskerck","XIX-XX cent.","0.091"
"https://uploads4.wikiart.org/images/hans-hofmann/ecstasy-1947.jpg","Ecstasy","Hans Hofmann","1947","0.091"
"https://uploads3.wikiart.org/images/ozdemir-atlan/king-and-queen-1965.jpg","King and Queen","Ozdemir Atlan","1965","0.091"
"https://uploads2.wikiart.org/images/edward-ruscha/honk-1962.jpg","Honk","Edward Ruscha","1962","0.091"
"https://uploads4.wikiart.org/images/chris-ofili/double-captain-shit-and-the-legend-of-the-black-stars-1997.jpg","Double Captain Shit and the Legend of the Black Stars","Chris Ofili","1997","0.091"
"https://uploads0.wikiart.org/images/john-mclaughlin/number-17-1962.jpg","Number 17","John McLaughlin","1962","0.091"
"https://uploads3.wikiart.org/images/bela-kadar/still-life-with-chessboard-and-pipe-1920.jpg","Still-life with Chessboard and Pipe","Bela Kadar","1920","0.091"
"https://uploads8.wikiart.org/images/billy-apple/cut-1964.jpg","Cut","Billy Apple","1964","0.091"
"https://uploads2.wikiart.org/images/bob-law/no-62-black-blue-violet-blue-1967.jpg","No. 62 (Black/Blue/Violet/Blue)","Bob Law","1967","0.091"
"https://uploads0.wikiart.org/images/anne-vallayer-coster/attributes-of-painting-sculpture-and-architecture-1769.jpg","Attributes of Painting, Sculpture, and Architecture","Anne Vallayer-Coster","1769","0.091"
"https://uploads1.wikiart.org/images/robert-huot/3-inch-high-33-foot-long-epoxy-paint-band-1968.jpg","3 inch high 33 foot long Epoxy Paint Band","Robert Huot","1968","0.091"
"https://uploads3.wikiart.org/images/antonio-areal/4-series-of-67-1967.jpg","4 Series of 67","Antonio Areal","1967","0.091"
"https://uploads4.wikiart.org/images/antonio-calderara/spazio-luce-1963.jpg","Spazio Luce","Antonio Calderara","1963","0.091"
"https://uploads3.wikiart.org/images/wolfgang-paalen/genius-of-the-species-1938.jpg","Genius of the Species","Wolfgang Paalen","1938","0.091"
"https://uploads6.wikiart.org/images/mark-rothko/untitled-1969-2.jpg","Untitled","Mark Rothko","1969","0.091"
"https://uploads1.wikiart.org/images/kazuo-shiraga/crystal-ring-1976.jpg","Crystal ring","Kazuo Shiraga","1976","0.091"
"https://uploads2.wikiart.org/images/mark-rothko/orange-and-yellow(1).jpg","Orange and Yellow","Mark Rothko","1956","0.091"
"https://uploads6.wikiart.org/images/paul-klee/rock-chamber-1929.jpg","Rock Chamber","Paul Klee","1929","0.091"
"https://uploads8.wikiart.org/images/agnes-martin/the-harvest-1965.jpg","The Harvest","Agnes Martin","1965","0.091"
"https://uploads1.wikiart.org/images/claes-oldenburg/floor-cone-1962.jpg","Floor Cone","Claes Oldenburg","1962","0.091"
"https://uploads7.wikiart.org/images/jean-miotte/composition-1962.jpg","Composition","Jean Miotte","1962","0.091"
"https://uploads7.wikiart.org/images/jean-helion/equilibrium-1934.jpg","Equilibrium","Jean Helion","1933-1934","0.091"
"https://uploads3.wikiart.org/images/bice-lazzari/red-and-white-signals-1930(2).jpg","Red and White Signals","Bice Lazzari","1930","0.091"
"https://uploads0.wikiart.org/images/menez/sem-t-tulo-1969.jpg","Sem t&#237;tulo","Menez","1969","0.091"
"https://uploads3.wikiart.org/images/gianni-piacentino/turquoise-gray-upside-down-t-1966.jpg","Turquoise-Gray Upside Down T","Gianni Piacentino","1966","0.091"
"https://uploads5.wikiart.org/images/william-turnbull/no-1-1959.jpg","No. 1","William Turnbull","1959","0.091"
"https://uploads4.wikiart.org/images/rene-duvillier/le-jeu-du-sterne-et-de-la-mer-1955(1).jpg","Le jeu du sterne et de la mer","Rene Duvillier","1955","0.091"
"https://uploads0.wikiart.org/images/esteban-vicente/red-field-1972.jpg","Red Field","Esteban Vicente","1972","0.091"
"https://uploads5.wikiart.org/images/anthony-caro/twenty-four-hours-1960.jpg","Twenty Four Hours","Anthony Caro","1960","0.091"
"https://uploads4.wikiart.org/images/robert-morris/untitled-ring-with-light-1966.jpg","Untitled (Ring with Light)","Robert Morris","1966","0.091"
"https://uploads0.wikiart.org/images/paul-feeley/apyu-1963.jpg","Apyu","Paul Feeley","1963","0.091"
"https://uploads5.wikiart.org/images/henri-le-fauconnier/the-signal-1915.jpg","The Signal","Henri Le Fauconnier","1915","0.091"
"https://uploads6.wikiart.org/images/samuel-buri/still-life-1985.jpg","Still life","Samuel Buri","1985","0.091"
"https://uploads4.wikiart.org/images/warren-rohrer/edge-4-1985.jpg","Edge 4","Warren Rohrer","1985","0.091"
"https://uploads2.wikiart.org/images/david-smith/steel-drawing-i-1945.jpg","Steel Drawing I","David Smith","1945","0.091"
"https://uploads0.wikiart.org/images/hilma-af-klint/chaos-nr-2-1906.jpg","Chaos, Nr. 2","Hilma af Klint","1906","0.091"
"https://uploads5.wikiart.org/images/ruth-vollmer/untitled-1959.jpg","Untitled","Ruth Vollmer","1959","0.091"
"https://uploads5.wikiart.org/images/richard-smith/pm-zoom-1963.jpg","PM Zoom","Richard Smith","1963","0.091"
"https://uploads8.wikiart.org/images/rodolfo-arico/untitled-1966-1.jpg","Untitled","Rodolfo Arico","1966","0.091"
"https://uploads3.wikiart.org/images/princess-fahrelnissa-zeid/the-arena-of-the-sun-1954.jpg","The arena of the Sun","Princess Fahrelnissa Zeid","1954","0.091"
"https://uploads5.wikiart.org/images/bernard-cohen/print-2-1967.jpg","Print 2","Bernard Cohen","1967","0.091"
"https://uploads2.wikiart.org/images/morris-louis/pillar-of-fire-1961.jpg","Pillar of Fire","Morris Louis","1961","0.091"
"https://uploads0.wikiart.org/images/mark-rothko/no-3-1953.jpg","No. 3","Mark Rothko","1953","0.091"
"https://uploads1.wikiart.org/images/marsden-hartley/portrait-of-a-german-officer-1914.jpg","Portrait of a German Officer","Marsden Hartley","1914","0.091"
"https://uploads4.wikiart.org/images/carmen-herrera/red-with-white-triangle-1961.jpg","Red with White Triangle","Carmen Herrera","1961","0.091"
"https://uploads1.wikiart.org/images/nicholas-hilliard/robert-dudley-1st-earl-of-leicester-1576.jpg","Robert Dudley, 1st Earl of Leicester","Nicholas Hilliard","1576","0.091"
"https://uploads3.wikiart.org/images/robert-ryman/untitled-orange-painting-1955.jpg","Untitled (Orange Painting)","Robert Ryman","1955","0.091"
"https://uploads2.wikiart.org/images/victor-hugo/taches-with-fingerprints-1865.jpg","Taches with fingerprints","Victor Hugo","1865","0.091"
"https://uploads3.wikiart.org/images/george-henry/the-hedgecutter-1886.jpg","The Hedgecutter","George Henry","1886","0.091"
"https://uploads3.wikiart.org/images/gotthard-graubner/untitled-1964-1.jpg","Untitled","Gotthard Graubner","1964","0.091"
"https://uploads7.wikiart.org/images/rupprecht-geiger/oe-280-komposition-in-rot-mit-wei-und-blau-1959.jpg","OE 280 (Komposition in Rot mit Wei&#223; und Blau)","Rupprecht Geiger","1959","0.091"
"https://uploads2.wikiart.org/images/alex-hay/paper-bag-1968.jpg","Paper Bag","Alex Hay","1968","0.091"
"https://uploads5.wikiart.org/images/abraham-manievich/early-spring-1913.jpg","The Spring Sun","Abraham Manievich","1913","0.091"
"https://uploads7.wikiart.org/images/rupprecht-geiger/oe-260-1957.jpg","OE 260","Rupprecht Geiger","1957","0.091"
"https://uploads0.wikiart.org/images/john-mclaughlin/number-13-1961.jpg","Number 13,","John McLaughlin","1961","0.085"
"https://uploads7.wikiart.org/images/robert-smithson/mirror-and-crushed-shells-1969.jpg","Mirror and Crushed Shells","Robert Smithson","1969","0.083"
"https://uploads3.wikiart.org/00143/images/li-chevalier/arrachement.jpg","Arrachement","Li CHEVALIER","XX cent.","0.083"
"https://uploads2.wikiart.org/images/gianni-piacentino/dull-amaranth-disk-1966.jpg","Dull-Amaranth Disk","Gianni Piacentino","1966","0.083"
"https://uploads5.wikiart.org/images/charlotte-posenenske/striped-picture-1962(1).jpg","Striped Picture","Charlotte Posenenske","1962","0.083"
"https://uploads4.wikiart.org/images/leo-leuppi/befl-gelt-1949.jpg","Befl&#252;gelt","Leo Leuppi","1949","0.083"
"https://uploads7.wikiart.org/images/bob-law/drawing-25-4-60-1960.jpg","Drawing 25.4.60","Bob Law","1960","0.083"
"https://uploads8.wikiart.org/images/paul-delvaux/night-visit-1938.jpg","Night Visit","Paul Delvaux","1938","0.083"
"https://uploads3.wikiart.org/images/hendrick-cornelisz-vroom/the-arrival-at-vlissingen-of-frederick-v-elector-palatine-1632.jpg","The Arrival at Vlissingen of Frederick V, Elector Palatine","Hendrick Cornelisz Vroom","1632","0.083"
"https://uploads2.wikiart.org/images/david-kakabadze/constructive-decorative-composition-1924(1).jpg","Constructive-decorative composition","David Kakabadze","1924","0.083"
"https://uploads7.wikiart.org/images/robert-ryman/classico-5-1968.jpg","Classico 5","Robert Ryman","1968","0.083"
"https://uploads3.wikiart.org/images/nicolas-de-sta-l/chemin-de-fer-au-bord-de-la-mer-soleil-couchant-1955.jpg","Chemin de fer au bord de la mer, soleil couchant","Nicolas de Sta&#235;l","1955","0.083"
"https://uploads2.wikiart.org/images/paul-feeley/trajan-1960.jpg","Trajan","Paul Feeley","1960","0.083"
"https://uploads8.wikiart.org/images/alfred-sisley/molesey-weir-at-hampton-court-morning-1874.jpg","Molesey Weir at Hampton Court Morning","Alfred Sisley","1874","0.083"
"https://uploads1.wikiart.org/images/giorgio-morandi/still-life-1943.jpg","Still Life","Giorgio Morandi","1943","0.083"
"https://uploads4.wikiart.org/images/eyvind-earle/hidden-hills.jpg","Hidden Hills","Eyvind Earle","XX-XXI cent.","0.083"
"https://uploads6.wikiart.org/images/vincent-van-gogh/paul-gauguin-s-armchair-1888.jpg","Paul Gauguin&#39;s Armchair","Vincent van Gogh","1888","0.083"
"https://uploads3.wikiart.org/images/robert-huot/architectural-details-with-shadows-1969.jpg","Architectural Details with Shadows","Robert Huot","1969","0.083"
"https://uploads5.wikiart.org/images/jean-messagier/ciel-deplisseur-1971.jpg","Ciel deplisseur","Jean Messagier","1971","0.083"
"https://uploads5.wikiart.org/images/victor-pasmore/yellow-abstract-1961.jpg","Yellow Abstract","Victor Pasmore","1960-1961","0.083"
"https://uploads0.wikiart.org/images/giovanni-anselmo/specchio-1968.jpg","Specchio","Giovanni Anselmo","1968","0.083"
"https://uploads6.wikiart.org/images/paul-klee/hoffmanneske-scene-1940(1).jpg","Hoffmanneske scene","Paul Klee","1940","0.083"
"https://uploads5.wikiart.org/images/herbert-zangs/folding-1955.jpg","Folding","Herbert Zangs","1955","0.083"
"https://uploads7.wikiart.org/images/john-hoyland/april-1961-1961.jpg","April 1961","John Hoyland","1961","0.083"
"https://uploads8.wikiart.org/images/modest-cuixart/pintura-i-mat-ries-1960.jpg","Pintura i mat&#232;ries","Modest Cuixart","1960","0.083"
"https://uploads6.wikiart.org/images/paul-cezanne/bibemus-quarry.jpg","Bibemus Quarry","Paul Cezanne","1900","0.083"
"https://uploads6.wikiart.org/images/rupprecht-geiger/675-73-sequenz-kalt-warm-portrait-der-farbe-cerise-1973.jpg","675/73 (Sequenz Kalt Warm â Portrait der Farbe Cerise)","Rupprecht Geiger","1973","0.083"
"https://uploads1.wikiart.org/images/paul-feeley/the-other-side-1957.jpg","The Other Side","Paul Feeley","1957","0.083"
"https://uploads4.wikiart.org/images/john-ferren/red-spot-1954.jpg","Red Spot","John Ferren","1954","0.083"
"https://uploads0.wikiart.org/images/giorgio-cavallon/untitled-1956.jpg","Untitled","Giorgio Cavallon","1956","0.083"
"https://uploads6.wikiart.org/images/corneille/cat-1951.jpg","Cat","Corneille","1951","0.083"
"https://uploads6.wikiart.org/images/princess-fahrelnissa-zeid/triton-octopus-1953.jpg","Triton Octopus","Princess Fahrelnissa Zeid","1953","0.083"
"https://uploads4.wikiart.org/images/rupprecht-geiger/oe-250-schwarz-vor-zweimal-rot-1957.jpg","OE 250 (Schwarz vor zweimal Rot)","Rupprecht Geiger","1957","0.083"
"https://uploads5.wikiart.org/images/craig-kauffman/studio-1958.jpg","Studio","Craig Kauffman","1958","0.083"
"https://uploads4.wikiart.org/images/bertalan-por/gypsies-1907.jpg","Gypsies","Bertalan Por","1907","0.083"
"https://uploads7.wikiart.org/images/craig-kauffman/untitled-1958.jpg","Untitled","Craig Kauffman","1958","0.083"
"https://uploads8.wikiart.org/images/dadamaino/volume-a-moduli-sfasati-1960.jpg","Volume a moduli sfasati","Dadamaino","1960","0.083"
"https://uploads2.wikiart.org/images/li-yuan-chia/folding-scroll-1963.jpg","Folding Scroll","Li Yuan-chia","1963","0.083"
"https://uploads2.wikiart.org/images/constantin-brancusi/prodigal-son.jpg","Prodigal son","Constantin Brancusi","XIX-XX cent.","0.083"
"https://uploads2.wikiart.org/images/johannes-jan-schoonhoven/quadratenrelief-met-schuine-binnenvlaken-in-4-richtingen-1967.jpg","Quadratenrelief met schuine binnenvlaken in 4 richtingen","Johannes Jan Schoonhoven","1967","0.083"
"https://uploads4.wikiart.org/images/thomas-jones/a-hilltop-naples-1782.jpg","A Hilltop, Naples","Thomas Jones","1782","0.083"
"https://uploads0.wikiart.org/images/john-mclaughlin/number-23-1960.jpg","Number 23","John McLaughlin","1960","0.083"
"https://uploads8.wikiart.org/images/joan-mitchell/hemlock-1956(1).jpg","Hemlock","Joan Mitchell","1956","0.083"
"https://uploads2.wikiart.org/images/olivier-debre/blanche-de-l-acropolea-1988.jpg","Blanche de lâAcropolea","Olivier Debre","1988","0.083"
"https://uploads2.wikiart.org/images/john-mccracken/the-absolutely-naked-fragrance-1967.jpg","The Absolutely Naked Fragrance","John McCracken","1967","0.083"
"https://uploads6.wikiart.org/images/michel-parmentier/peinture-n-10-1965.jpg","Peinture n&#176;10","Michel Parmentier","1965","0.083"
"https://uploads5.wikiart.org/images/giulio-turcato/composizione-grigio-rosa-1957.jpg","Composizione grigio-rosa","Giulio Turcato","1957","0.083"
"https://uploads2.wikiart.org/images/william-scott/composition-with-blue-and-black-1959.jpg","Composition with Blue and Black","William Scott","1959","0.083"
"https://uploads8.wikiart.org/images/willi-baumeister/monturi-with-red-and-blue-1953.jpg","Monturi with Red and Blue","Willi Baumeister","1953","0.077"
"https://uploads8.wikiart.org/images/jo-baer/primary-light-group-red-green-blue-1965.jpg","Primary Light Group: Red, Green, Blue","Jo Baer","1964-1965","0.077"
"https://uploads3.wikiart.org/images/eduardo-arroyo/la-perquisition-de-st-sebastian-1969.jpg","La Perquisition de St. Sebastian","Eduardo Arroyo","1969","0.077"
"https://uploads0.wikiart.org/images/robert-grosvenor/untitled-1968.jpg","Untitled","Robert Grosvenor","1968","0.077"
"https://uploads6.wikiart.org/images/michelangelo/the-last-judgement-1541.jpg","The Last Judgement","Michelangelo","1537-1541","0.077"
"https://uploads3.wikiart.org/images/benozzo-gozzoli/st-augustine-reading-rhetoric-and-philosophy-at-the-school-of-rome-1465.jpg","St. Augustine Reading Rhetoric and Philosophy at the School of Rome","Benozzo Gozzoli","1464-1465","0.077"
"https://uploads6.wikiart.org/images/zao-wou-ki/embrasement-1954.jpg","Embrasement","Zao Wou-Ki","1954","0.077"
"https://uploads0.wikiart.org/images/willem-de-kooning/asheville(1).jpg","Asheville","Willem de Kooning","1948","0.077"
"https://uploads5.wikiart.org/images/richard-serra/to-lift-1967.jpg","To Lift","Richard Serra","1967","0.077"
"https://uploads2.wikiart.org/images/joe-goode/untitled-1971.jpg","Untitled","Joe Goode","1971","0.077"
"https://uploads1.wikiart.org/images/david-smith/suspended-cube-1938.jpg","Suspended Cube","David Smith","1938","0.077"
"https://uploads5.wikiart.org/images/chu-teh-chun/clair-d-obscurite-1988.jpg","&#201;clair d&#39;obscurite","Chu Teh-Chun","1988","0.077"
"https://uploads3.wikiart.org/images/gosta-adrian-nilsson/marin-1-1922.jpg","Marin 1","Gosta Adrian-Nilsson","1922","0.077"
"https://uploads3.wikiart.org/images/florin-maxa/hexagon-1969.jpg","Hexagon","Florin Maxa","1969","0.077"
"https://uploads8.wikiart.org/images/francis-bott/composition-1957.jpg","Composition","Francis Bott","1957","0.077"
"https://uploads4.wikiart.org/images/frank-lobdell/27-october-1949-1949.jpg","27 October 1949","Frank Lobdell","1949","0.077"
"https://uploads1.wikiart.org/images/paul-wonner/pitcher-lemons-and-book-1966.jpg","Pitcher, Lemons and Book","Paul Wonner","1966","0.077"
"https://uploads6.wikiart.org/images/florin-maxa/remember-at-doftana-1972.jpg","Remember at Doftana","Florin Maxa","1972","0.077"
"https://uploads8.wikiart.org/images/agostino-carracci/titian-1587.jpg","Titian","Agostino Carracci","1587","0.077"
"https://uploads3.wikiart.org/images/jacques-h-rold/pretty-blonde-1938.jpg","Pretty Blonde","Jacques H&#233;rold","1938","0.077"
"https://uploads0.wikiart.org/00137/images/charles-meryon/charles-meryon-archway-pont-n-tre-dame-1853.jpg","Archway, Pont N&#244;tre-dame, Paris","Charles Meryon","1853","0.077"
"https://uploads5.wikiart.org/images/jules-pascin/in-the-hotel-room-1908.jpg","In the Hotel Room","Jules Pascin","1908","0.077"
"https://uploads6.wikiart.org/images/walter-darby-bannard/split-band-1962.jpg","Split Band","Walter Darby Bannard","1962","0.071"
"https://uploads6.wikiart.org/images/sol-lewitt/serial-project-set-b-1966.jpg","Serial Project (Set B)","Sol LeWitt","1966","0.071"
"https://uploads0.wikiart.org/images/christo-coetzee/rose-sand-1958.jpg","Rose &amp; Sand","Christo Coetzee","1958","0.071"
"https://uploads6.wikiart.org/images/eduardo-viana/lou-a-de-barcelos-1915.jpg","Lou&#231;a de Barcelos","Eduardo Viana","1915","0.071"
"https://uploads5.wikiart.org/images/mark-rothko/no-2-no-7-and-no-2-1951.jpg","No. 2 (No. 7 and No. 2)","Mark Rothko","1951","0.071"
"https://uploads0.wikiart.org/images/amedeo-modigliani/portrait-of-moise-kisling-1915.jpg","Portrait of Moise Kisling","Amedeo Modigliani","1915","0.071"
"https://uploads5.wikiart.org/images/robert-ryman/untitled-1965.jpg","Untitled","Robert Ryman","1965","0.069"
"https://uploads2.wikiart.org/images/patrick-heron/scarlet-lemon-and-ultramarine-march-1957-1957.jpg","Scarlet, Lemon and Ultramarine: March 1957","Patrick Heron","1957","0.068"
"https://uploads7.wikiart.org/images/julius-evola/composizione-paesaggio-dada-n-3-o-n-2-1921.jpg","Composizione (Paesaggio) Dada n. 3 (o n. 2)","Julius Evola","1921","0.067"
"https://uploads0.wikiart.org/images/isamu-noguchi/skyviewing-sculpture-1969.jpg","Skyviewing Sculpture","Noguchi Isamu ","1969","0.067"
"https://uploads4.wikiart.org/images/claes-oldenburg/two-cheeseburgers-with-everything-dual-hamburgers-1962.jpg","Two Cheeseburgers, with Everything (Dual Hamburgers)","Claes Oldenburg","1962","0.067"
"https://uploads2.wikiart.org/images/jean-degottex/suite-la-rose-1959.jpg","Suite La Rose","Jean Degottex","1959","0.067"
"https://uploads8.wikiart.org/images/paul-brach/silver-series-1965.jpg","Silver Series","Paul Brach","1965","0.065"
"https://uploads6.wikiart.org/images/sheila-hicks/menhir-ii-1969.jpg","Menhir II","Sheila Hicks","1969","0.064"
"https://uploads5.wikiart.org/images/myron-stout/untitled-5-2-17-55-1955.jpg","Untitled #5 (2-17-55)","Myron Stout","1955","0.060"
"https://uploads1.wikiart.org/images/ernst-wilhelm-nay/untitled-1957.jpg","Untitled","Ernst Wilhelm Nay","1957","0.059"
"https://uploads6.wikiart.org/images/eileen-agar/the-reaper-1938.jpg","The Reaper","Eileen Agar","1938","0.055"
"https://uploads7.wikiart.org/images/roger-bissi-re/untitled-1955.jpg","Untitled","Roger Bissi&#232;re","1955","0.053"
"https://uploads2.wikiart.org/images/blinky-palermo/butterfly-ii-1969.jpg","Butterfly II","Blinky Palermo","1969","0.052"
"https://uploads3.wikiart.org/images/marcelle-loubchansky/vert-soleil-rose-1956.jpg","Vert soleil rose","Marcelle Loubchansky","1956","0.051"
"https://uploads0.wikiart.org/images/gerard-fromanger/drapeau-fran-aise-le-rouge-1968.jpg","Drapeau fran&#231;aise (Le Rouge)","Gerard Fromanger","1968","0.051"
